<?xml version="1.0" encoding="UTF-8"?>
<project-private xmlns="http://www.netbeans.org/ns/project-private/1">
    <editor-bookmarks xmlns="http://www.netbeans.org/ns/editor-bookmarks/2" lastBookmarkId="2"/>
    <open-files xmlns="http://www.netbeans.org/ns/projectui-open-files/2">
        <group>
            <file>file:/D:/Paw/%232/Stokbarang/src/stokbarang/RekapKeluarMasuk.java</file>
            <file>file:/D:/Paw/%232/Stokbarang/src/Laporan/Rekap_Laporan_Keluar_Masuk.jrxml</file>
            <file>file:/D:/Paw/%232/Stokbarang/src/Laporan/Barang_Keluar.jrxml</file>
            <file>file:/D:/Paw/%232/Stokbarang/src/Laporan/Barang_Masuk.jrxml</file>
            <file>file:/D:/Paw/%232/Stokbarang/src/Laporan/Pengaduan.jrxml</file>
        </group>
    </open-files>
</project-private>
